{"designerVersion":"1.3.18","favorite":false,"id":"4916ab46-67db-41f3-819f-afc57e6cc8cd","name":"TousLesTests","type":"page","lastUpdate":1474156915640,"rows":[[{"type":"container","dimension":{"xs":12},"propertyValues":{"cssClasses":{"type":"constant","value":""},"hidden":{"type":"constant","value":false},"repeatedCollection":{"type":"variable"}},"reference":"0e6eabb8-657b-4b33-97d3-7b59fe345356","rows":[[{"type":"component","dimension":{"xs":12},"propertyValues":{"cssClasses":{"type":"constant","value":""},"hidden":{"type":"constant","value":false},"text":{"type":"interpolation","value":"My Date PICKER"},"level":{"type":"constant","value":"Level 2"},"alignment":{"type":"constant","value":"center"}},"reference":"b484681b-75cb-4db6-8fc8-02e8eb4b507d","id":"pbTitle"}]]}],[{"type":"container","dimension":{"xs":1},"propertyValues":{"cssClasses":{"type":"constant","value":""},"hidden":{"type":"constant","value":false},"repeatedCollection":{"type":"variable"}},"reference":"43a0011a-eeee-4a6a-8267-43ddd2f04eaa","rows":[[]]},{"type":"container","dimension":{"xs":10},"propertyValues":{"cssClasses":{"type":"constant","value":""},"hidden":{"type":"constant","value":false},"repeatedCollection":{"type":"variable"}},"reference":"300bafe0-96ca-42bf-9ecd-7fb55b527962","rows":[[{"type":"component","dimension":{"xs":12},"propertyValues":{"cssClasses":{"type":"constant","value":""},"hidden":{"type":"constant","value":false},"text":{"type":"interpolation","value":"La date est : {{selectDate | date : 'dd/MM/yyyy' }}"},"level":{"type":"constant","value":"Level 2"},"alignment":{"type":"constant","value":"center"}},"reference":"ba8f5e90-85dd-4efd-9445-b03fa853f1b8","id":"pbTitle"}],[{"type":"component","dimension":{"xs":12},"propertyValues":{"cssClasses":{"type":"constant","value":""},"hidden":{"type":"constant","value":false},"text":{"type":"interpolation","value":"les jours suivants sont grisé : 05/09/2016, 06/09/2016,07/09/2016\n12/09/2016"},"alignment":{"type":"constant","value":"left"}},"reference":"bc580ec7-06b7-46dd-b263-8765fd8e692c","id":"pbText"}]]},{"type":"container","dimension":{"xs":1},"propertyValues":{"cssClasses":{"type":"constant","value":""},"hidden":{"type":"constant","value":false},"repeatedCollection":{"type":"variable"}},"reference":"445f304b-5d5a-49c9-9045-70a2ee706a60","rows":[[]]}],[{"type":"container","dimension":{"xs":1},"propertyValues":{"cssClasses":{"type":"constant","value":""},"hidden":{"type":"constant","value":false},"repeatedCollection":{"type":"variable"}},"reference":"22653c26-a0b0-406a-847c-41d8cad4befe","rows":[[]]},{"type":"container","dimension":{"xs":10},"propertyValues":{"cssClasses":{"type":"constant","value":""},"hidden":{"type":"constant","value":false},"repeatedCollection":{"type":"variable"}},"reference":"4c1329cc-ef45-4ff1-a007-1c8362660165","rows":[[{"type":"component","dimension":{"xs":12},"propertyValues":{"cssClasses":{"type":"constant","value":""},"hidden":{"type":"constant","value":false},"value":{"type":"expression","value":"selectDate"},"color":{"type":"constant","value":"RebeccaPurple"},"background":{"type":"constant","value":"Yellow"},"readOnly":{"type":"constant","value":false},"required":{"type":"constant","value":true},"labelHidden":{"type":"constant","value":false},"label":{"type":"interpolation","value":"Date d'echeance"},"labelPosition":{"type":"constant","value":"left"},"labelWidth":{"type":"constant","value":4},"placeholder":{"type":"interpolation","value":"dd/MM/yyyy"},"dateFormat":{"type":"constant","value":"fullDate"},"bt":{"type":"variable","value":"selectDate"},"holidays":{"type":"expression","value":"holy"},"afterMindate":{"type":"constant","value":true}},"reference":"863134d6-792f-44cc-8ab1-35e133ae97bd","id":"customMyDatePickerV3"}]]},{"type":"container","dimension":{"xs":1},"propertyValues":{"cssClasses":{"type":"constant","value":""},"hidden":{"type":"constant","value":false},"repeatedCollection":{"type":"variable"}},"reference":"49023e14-6123-4a9b-86cf-1536d8cc36dd","rows":[[]]}]],"assets":[],"inactiveAssets":[],"data":{"selectDate":{"type":"constant","exposed":false},"testons":{"type":"constant","exposed":false},"holy":{"type":"expression","value":"var today = new Date();\nreturn [\n        new Date(today.getFullYear(),today.getMonth(),5),\n        new Date(today.getFullYear(),today.getMonth(),6),\n        new Date(today.getFullYear(),today.getMonth(),7),\n        new Date(2016, 9, 12),\n        new Date(2016, 8, 12),\n    ];","exposed":false},"holiday":{"type":"json","value":"[\"09/22/2016\"]","exposed":false}}}