{"designerVersion":"1.3.18","favorite":false,"id":"customMyDatePickerV3","name":"myDatePickerV3","lastUpdate":1474156856914,"template":"<style>\n    .full button span {background-color: limegreen;border-radius: 32px;color: black;}\n    .partially button span {background-color: orange;border-radius: 32px;color: black;}\n</style>\n<div ng-class=\"{\n    'form-horizontal': properties.labelPosition === 'left' && !properties.labelHidden,\n    'row': properties.labelPosition === 'top' && !properties.labelHidden || properties.labelHidden\n    }\">\n    <div class=\"form-group\">\n        <label\n            ng-if=\"!properties.labelHidden\"\n            ng-class=\"{ 'control-label--required': properties.required }\"\n            class=\"control-label col-xs-{{ !properties.labelHidden && properties.labelPosition === 'left' ? properties.labelWidth : 12 }}\">\n            {{ properties.label | uiTranslate }}\n        </label>\n\n        <div\n            class=\"col-xs-{{ 12 - (!properties.labelHidden && properties.labelPosition === 'left' ? properties.labelWidth : 0) }}\">\n            <p class=\"input-group\">\n                 <input class=\"form-control\" ng-model=\"properties.bt\"\n                    name=\"{{name}}\"\n                    type=\"text\"\n                    uib-datepicker-popup=\"{{format}}\" \n                    placeholder=\"{{ properties.placeholder | uiTranslate }}\"\n                    is-open=\"popup1.opened\"\n                    ng-readonly=\"properties.readOnly\"\n                    ng-required=\"properties.required\"\n                    datepicker-options=\"dateOptions\"\n                    data-timezone=\"UTC\"\n                    close-text=\"Close\" \n                    current-text=\"Aujourd'hui\" \n                    clear-text=\"Effacer\" \n                    alt-input-formats=\"altInputFormats\" />\n                <span class=\"input-group-btn\">\n                    <button type=\"button\" class=\"btn btn-default\" ng-click=\"open1()\" ng-disabled=\"properties.readOnly\">\n                        <i class=\"glyphicon glyphicon-calendar\"></i>\n                    </button>\n                </span>\n            </p>\n            <div ng-messages=\"$form[name].$dirty && $form[name].$error \"\n                 ng-messages-include=\"forms-generic-errors.html\" role=\"alert\"></div>\n        </div>\n    </div>\n</div>","controller":"function ($scope) {\n    $scope.today = function() {\n        $scope.properties.bt = new Date();\n        //$scope.properties.value = $scope.dt;\n    };\n    $scope.today();\n    var silvestre = new Date(2016, 1, 1);\n    $scope.clear = function() {\n        $scope.dt = null;\n    };\n\n    $scope.inlineOptions = {\n        minDate: new Date(),\n        showWeeks: false\n    };\n    $scope.dateOptions = {\n        dateDisabled: disabled,\n        formatYear: 'yy',\n        maxDate: new Date(2020, 5, 22),\n        minDate: new Date(),\n        startingDay: 1\n    };\n    // Disable weekend selection\n    function disabled(data) {\n        var date = data.date,\n            mode = data.mode;\n        var isHoliday = false;\n        if(!$scope.holidays){\n            return mode === 'day' && (\n                date.getDay() === 0 || \n                date.getDay() === 6 || \n                //St silvestre\n                (\n                    date.getDate() === silvestre.getDate() && \n                    date.getMonth() === silvestre.getMonth()-1\n                )\n            );\n        }else{\n            return mode === 'day' && (\n                date.getDay() === 0 || \n                date.getDay() === 6 || \n                //St silvestre\n                (\n                    date.getDate() === silvestre.getDate() && \n                    date.getMonth() === silvestre.getMonth()-1\n                ) ||\n                isDisabledDate(data)\n            );  \n        }\n        \n    }\n    var today = new Date();\n //   $scope.holidays = [\n //       new Date(today.getFullYear(),today.getMonth(),5),\n //       new Date(today.getFullYear(),today.getMonth(),6),\n //       new Date(today.getFullYear(),today.getMonth(),7),\n //       new Date(2016, 9, 12),\n //   ];\n    $scope.holidays = $scope.properties.holidays;\n    $scope.appointments = [\n        new Date(today.getFullYear(),today.getMonth(),3),\n        new Date(today.getFullYear(),today.getMonth(),7),\n        new Date(today.getFullYear(),today.getMonth(),20),\n    ];\n    function areDatesEqual(date1, date2) {\n        return date1.setHours(0,0,0,0) === date2.setHours(0,0,0,0);\n    }\n    function isDisabledDate(data) {\n        var date = data.date,\n            mode = data.mode;\n        return mode === 'day' && (DateInArray(date,$scope.holidays));\n    }\n    function DateInArray(date1,arrDate){\n        var isHoliday = false;\n        for(var i=0;i<arrDate.length;i++){\n            var mdate1 = date1.setHours(0,0,0,0);\n            var marrDate = arrDate[i].setHours(0,0,0,0)\n            if(marrDate == mdate1){\n                isHoliday = true;\n                return isHoliday;\n            }\n        }\n    }\n    $scope.toggleMin = function() {\n        $scope.inlineOptions.minDate = $scope.inlineOptions.minDate ? null : new Date();\n        $scope.dateOptions.minDate = $scope.inlineOptions.minDate;\n    };\n    $scope.toggleMin();\n    $scope.open1 = function() {\n        $scope.popup1.opened = true;\n    };\n    $scope.setDate = function(year, month, day) {\n        $scope.dt = new Date(year, month, day);\n    };\n    $scope.formats = ['dd/MM/yyyy','dd-MMMM-yyyy', 'yyyy/MM/dd', 'dd.MM.yyyy', 'shortDate'];\n    //$scope.format = $scope.formats[0];\n    $scope.format = $scope.properties.dateFormat;\n    $scope.altInputFormats = ['M!/d!/yyyy'];\n    $scope.popup1 = {\n        opened: false\n    };\n    $scope.dayClass = function(date, mode) {\n        if (mode === 'day') {\n            var dateToCheck = new Date(date);\n            for(var i = 0; i < $scope.appointments.length ; i++) {\n                if(areDatesEqual($scope.appointments[i], dateToCheck)){\n                    return 'appointment';\n                }\n            }\n        }\n        \n        return '';\n    };\n    $scope.dateSelected = function(){\n        var dateSelected = new Date($scope.dt);\n        for(var i = 0; i < $scope.appointments.length ; i++) {\n            if(areDatesEqual($scope.appointments[i], dateSelected)){\n                performAction();\n            }\n        }\n    };\n    function performAction(){\n        alert(\"Appointment date selected\");\n    }\n    \n    \n    // FIN\n}","description":"Calendar for selecting a date","custom":true,"properties":[{"label":"Read-only","name":"readOnly","type":"boolean","defaultValue":false,"bond":"expression"},{"label":"Required","name":"required","help":"In the context of a form container, use $form.$invalid as a Boolean to check form validity in a widget property","type":"boolean","defaultValue":false,"bond":"expression"},{"label":"Label hidden","name":"labelHidden","type":"boolean","defaultValue":false,"bond":"constant"},{"label":"Label","name":"label","type":"text","defaultValue":"Date","bond":"interpolation"},{"label":"Label position","name":"labelPosition","type":"choice","defaultValue":"top","choiceValues":["left","top"],"bond":"constant"},{"label":"labelWidth","name":"labelWidth","type":"integer","defaultValue":4,"bond":"constant"},{"label":"Placeholder","name":"placeholder","help":"Short hint that describes the expected value","type":"text","defaultValue":"dd/MM/yyyy","bond":"interpolation"},{"label":"Date format","name":"dateFormat","caption":"y: year, M: month, d: day","help":"Specify your own format","type":"choice","defaultValue":"shortDate","choiceValues":["dd/MM/yyyy","dd-MMMM-yyyy","yyyy/MM/dd","dd.MM.yyyy","shortDate","fullDate"],"bond":"constant"},{"label":"Valeur","name":"bt","type":"text","bond":"variable"},{"label":"Jour Feriés","name":"holidays","type":"collection","bond":"expression"},{"label":"Désactiver date antérieur","name":"afterMindate","type":"boolean","defaultValue":false,"bond":"constant"}],"assets":[{"id":"847386d0-a038-41fb-bb38-f422f946bd64","name":"ui-bootstrap-tpls-2.1.3.min.js","type":"js","order":4,"external":false},{"id":"33032ecd-94b8-46ea-a66d-a33fb3def08c","name":"angular-animate.min.js","type":"js","order":3,"external":false},{"id":"504066eb-7df8-4fac-8c14-b03fcc6cd1ff","name":"icon.svg","type":"img","order":5,"external":false},{"id":"193f52e1-5ed8-4e4c-9a1f-9d4f7a178047","name":"angular-locale_fr-fr.js","type":"js","order":6,"external":false}],"requiredModules":["ui.bootstrap","ngSanitize","ngAnimate"],"type":"widget"}